diff_word_len,diff_empathy,diff_emotional_polarity,text_similarity
10,0.48289102284362795,-0.2954367401621094,0.8348935968386292
8,0.21246218718310494,-0.5149909255368652,0.9070643092263176
19,0.8566523793441163,-0.584720969342224,0.8042185467852061
19,0.8754682545723882,-0.24571829999661243,0.8758052575583622
3,0.7852203845372925,-0.2717516418583985,0.7894078255880248
16,0.5418176649744884,-0.32993853058880607,0.8266171887558831
13,1.5179991726661377,-0.07121616601857,0.8465660154608424
4,-0.00026714835516350455,0.030538290700332593,0.9410351448747454
33,1.834473788943481,-0.47948148877107244,0.8172689161497559
7,0.4838383194956051,-0.8009077310928957,0.880910108615677
19,0.6583083872402955,0.00027266155786126456,0.8572616565875977
29,0.6748644108780522,-0.5865688922377015,0.8644397021108853
11,0.24691915524011243,0.05033481136486817,0.8454648661841502
11,0.716498643248352,0.19237062384844972,0.8640371203273044
14,1.3278183935875245,-0.3208705181936645,0.8562077851579688
8,0.24694883870074458,-0.1761875747532044,0.9125556980064363
18,1.8833657502579346,-0.01876962166540519,0.8257466590603337
19,1.1439335346306152,-0.2250024673494721,0.8968660314774124
17,0.37478941647692876,0.03851434563534539,0.8378624523777429
24,2.019487232223511,-0.19124609201449583,0.6224876098545183
3,0.22625643018469244,0.041419267957702566,0.9192557898812843
11,0.09272718398449697,0.04107785269348141,0.8773765878196098
8,1.6120834950596925,-0.07561576405419923,0.8515873504567041
13,0.7175071234622803,0.3408401014536133,0.7897128114662357
17,1.8263559342408446,-0.1657241583466189,0.8022541103160938
10,0.9082320332635498,-0.2016578318620606,0.8407079635019699
29,1.404049634930786,-0.3880994615410309,0.7431417197556757
4,0.11497592917077637,-0.06860816520520019,0.898591179379253
16,0.7285391688881836,-0.232888520117157,0.7922109932190443
6,0.07200646409960876,-0.03372728818005366,0.9303880611311852
17,0.8635661606793212,0.1588296295010071,0.8314010905652482
13,0.30294370682971183,0.08739137680969233,0.9018072436403727
13,0.6878981594335938,-0.3110849855801392,0.834937809539049
8,-0.02043652501916493,-0.27874278991961665,0.9327638906588541
15,0.6338326929481202,-0.021985650310668903,0.8750904371714079
11,0.5068070887618408,-0.005033135152008095,0.9014989377955909
16,1.278258562564331,-0.4085267190210877,0.7007308961185326
25,0.28778421837707513,-0.55112206955896,0.8956697518063018
26,1.71782183672229,0.005195975217651361,0.8181754332490105
11,0.4875698088442991,-0.019455492236175598,0.8393439059895735
27,0.9747017326507568,-0.5100890991022033,0.6621647911481365
15,1.4202629329364014,-0.317276596779297,0.7981558678972419
14,0.6022937293254396,-0.23808592536901851,0.8246057520253453
25,0.9016945361505126,0.1948667763638916,0.7819108376150634
28,1.9864569308634041,-0.4233975413754272,0.7284488383921803
21,0.28889250708605996,-0.3961455819745483,0.8200869956773698
14,0.9417619708840332,-0.2967032789930115,0.7961679675406115
13,1.1775110360168457,-0.25052893114648445,0.8359462634663553
18,0.6949119566676025,-0.44266998779370126,0.7704353821547643
17,1.020905018230713,-0.07070970485736083,0.8009345622807234
25,2.419073820303833,0.12372446056042485,0.7421970587438155
18,1.2119312287537842,-1.5460370484259491,0.726819740865247
19,0.8760962484964598,-0.6610019807658387,0.7337678040389997
31,1.6731764669418945,-0.12330281733325199,0.8061170367144577
12,2.206739724008057,-0.03512144042883292,0.6293295985187544
9,1.4794405104329833,-0.4355548621003418,0.666984309411524
29,1.4285132883479004,-0.07431626356213372,0.7221960605170283
25,0.8873708247261962,-0.631157428056778,0.7817278735948006
10,0.9056169987629397,-0.28867530829010013,0.8168274502518906
27,0.17604637126892086,-0.729956865647583,0.851908922301994
14,0.2734928127415772,-0.476295828817932,0.8309531860597095
14,0.7332817313447265,0.12595927743669127,0.8163660264821574
32,1.0154348316345216,-0.5434446629812164,0.6485229209571801
18,1.581698537326416,0.2155710460393676,0.8509264919675907
9,0.2022786135950927,-0.09607729271946724,0.8589082509646717
15,0.6142480973214112,-0.33613702607832346,0.8388691025152313
4,-0.02253055618615729,0.00030338795062245794,0.9234747508137278
14,1.9176008702818603,0.6208605762435913,0.8550445900683061
15,0.9327683448470458,-0.1402560474496155,0.8519313149393646
8,0.9182016852106933,-0.18339860461737056,0.8696949819776021
15,0.8462711570672607,-0.02110052108084115,0.9087007574379604
12,0.11946547017864995,-0.6575017572608948,0.8262271054692774
9,-0.17883062368469238,0.31781429064483646,0.8760464921501737
17,1.2332468032579347,-0.35146689414300547,0.7396098346433122
9,0.30866277232141104,0.0881319048682252,0.8807641119901165
9,0.8777964117728272,-0.09105277056634531,0.7763109618805473
22,0.6256498098676759,-0.2949914041168366,0.9059826046585745
6,0.5341751577807616,-0.3320988719661408,0.8675435051233047
1,0.06757676630035392,-0.015252649719635025,0.9448504704157691
5,0.6184043886019288,0.08891665902844248,0.8613156112293752
5,0.4874805210831299,-0.23709225650396726,0.9231533240234355
5,0.8635301589863282,-0.14335465431304928,0.8908616301503552
16,0.25911331220581024,0.023930788005737336,0.8267104777923412
34,1.8835833969268798,-0.18305021493930052,0.6267656798960076
12,0.777414799115967,0.26641091737728884,0.9137704338364915
12,0.5380043980871583,-0.4377731975102082,0.8529805767342414
12,0.6870355602993163,-0.5121280847872163,0.8515258036931237
19,1.0321601029493408,-0.07627379864843764,0.8119166995967009
13,0.37088870989917,-0.6786590815061035,0.881334116935858
19,0.6262197492445067,-0.7883617880618896,0.8006552195694174
28,0.6112002137042241,-0.5027729274918212,0.8068992252778401
13,0.7180111411459962,-0.24854624227661137,0.8774659714880104
22,0.3641810418646241,-0.7203627824182739,0.8621640293232171
25,0.8817784786263427,0.22373783597399902,0.8165748377572626
7,0.6386479142946777,-0.47343739827256776,0.9009685811431836
12,0.7371356487700194,0.1189957858712005,0.885544153504656
24,0.7814995048400879,-0.01814919699578854,0.7843789970332827
22,1.1973290444742433,0.09448242196496581,0.7484279166718978
11,0.5326079125767822,-0.3178891166804771,0.8075709417990626
8,0.33529794234912114,-0.328864905524622,0.814466273332692
12,0.6384717222198486,0.2946919801637571,0.932758870873236
16,0.3877968787589112,-0.7061005828271485,0.7568363615439035
12,0.22113561665441894,-0.06513083012438958,0.8644114162281721
15,0.7925920483570561,-0.011341572276855727,0.7941973081490123
9,0.6713449958764648,-0.012622118273376559,0.8943157515987322
7,0.6101845504603272,-0.05042731810418699,0.876025158269314
15,0.7164229152802124,-0.04711425295153793,0.8295856104227576
8,2.4348232148795166,0.8434537652150269,0.8227053396496931
3,0.7759894128802489,-0.3245406744058532,0.7913085782640576
14,0.999433934233948,0.3504158855478516,0.7725827284846125
6,0.2489144207529297,-0.10345509681465148,0.847828253451723
12,0.40689551846954364,-0.17877215125988766,0.7921622487509342
3,0.2523481845898443,-0.23739409466229255,0.9099029424334115
18,0.8404126164625243,-0.3846013546817626,0.8092135024411954
1,0.8694719078128663,-0.19710981854455567,0.8741608752406838
17,0.842911243338623,-0.5122110248053284,0.7502136104688457
16,0.20858717004211447,-0.2887424229732667,0.7896672820380504
16,0.6177507635128174,-0.6797592639435426,0.7920270229534104
24,0.6224899291916506,-0.2806981804100952,0.8646569751591333
24,1.4678246971540527,0.360006093534851,0.8510431853970211
24,0.10590589045568843,-0.33262538940570097,0.8855549931097357
28,0.14263367652819836,-0.18314480743414308,0.828544296096519
38,0.4663026328094477,-0.6315903070557556,0.9141417629055345
26,1.0407502647232665,0.15979957558636482,0.9254361613082223
7,0.3609063626102289,-0.361497402461731,0.889090874173091
20,0.5393924710659181,-0.23015871666120913,0.8442078614020916
10,0.5084404345201416,0.048327505472900434,0.8863273304401257
23,1.2904739377178955,-0.44582685789549265,0.7294790120262735
14,0.881908118828064,-0.006863415309600884,0.7560626729314404
34,1.7231119270981445,-0.6241601405272674,0.768200090926939
13,0.4924119113956301,0.14791107176072688,0.8689420259145274
23,0.9617711900131836,-0.5340832774727935,0.6511831509188512
12,1.5527808661827402,0.4983940120582888,0.890723699962886
4,0.6654233931936036,-0.5273833273793944,0.8395647196928455
27,0.5882668493643797,-0.3894156214099731,0.87524955331449
19,0.7693312170744628,0.29662638929638674,0.8116323886152783
12,0.17284488649957286,-0.331042647612915,0.8312844221413132
7,-0.018125295176513845,-0.24990022153558344,0.8946865603125063
18,0.9737679954985352,-0.45747351635791,0.8045043810149979
11,0.6221594812927247,-0.47027528252551276,0.8613146693693837
12,1.0872311595264894,-0.17510688277355957,0.9081547285888529
5,0.25829935060107423,-0.0728595857414856,0.9078339655711165
7,0.6479828359488526,0.4776611324158323,0.8624527177628476
24,0.5764412878829346,-0.103813170986435,0.8368379442120886
14,1.5584570167983398,0.2864036561107788,0.9015727155580411
6,1.26686668376062,0.4329921002883912,0.8334523860962435
4,0.7030603883472901,-0.27095556262219234,0.8928855049537492
13,0.4904315475517578,-0.07473289961871343,0.840443326345105
30,1.5106717347636718,-0.5153487320010071,0.8094790103783294
9,0.4414458274497681,-0.3127579686988524,0.878430001665927
30,1.880815803848999,-0.1837286350882874,0.7267196853219019
15,1.2473821636383056,-0.09074616417645265,0.8151316211472119
21,0.18473839789440927,-0.2365273836559143,0.8645805472883309
10,0.2214081283883056,-0.13764372493989568,0.8919890376459563
11,1.0379089716267091,-0.19595962713403325,0.8636868743003556
9,0.8690484766869508,-0.4054508808608398,0.7728419349429784
20,1.1507382392906493,-0.7457875011699828,0.8895551348032503
12,0.5889434813659669,-0.5118570330022583,0.8285742217422085
34,0.598086357134644,-0.7082578535050355,0.8655605917658454
12,1.4627606868402099,0.24328637084490956,0.8582482021064513
6,1.3934673073458252,-0.4120620491574707,0.7150611373085733
11,0.41646838222583016,-0.07160210573406989,0.7989022309704232
21,1.581254720588623,0.17178702358605946,0.8627165964085869
12,0.167405605449646,0.024078935767517073,0.9009259765044677
25,0.6410471205858155,-0.2399665712935486,0.8452857437239022
15,1.209728121798462,-0.16970562934072875,0.7683107483628537
23,0.8872570396502686,-0.41801846009545907,0.8401849276669675
14,0.5781542059962768,-0.10475754772113044,0.7849649103729848
25,0.5347766871279296,-0.104611277968506,0.9017195297568018
16,0.8354177470942383,-0.4620083573017577,0.8317898234424336
19,0.855705022737915,-1.0321599841736144,0.7524013010173665
17,2.2361903185936276,0.04294061659906001,0.7680802527293744
24,0.2136216163133544,-0.09497845126905824,0.8982516078824725
14,1.1943801642409668,-0.6796450917168122,0.7987789580542363
17,0.9676496385578611,-0.3020000453338013,0.7049115356165517
31,1.515741586744507,-0.04273688825744626,0.6738688181007558
31,1.1205537321604004,-0.5478150549315033,0.6463032757006872
22,0.2658648491221922,-0.663604378717163,0.7871759344391187
26,1.3441156749874268,0.08051681567187496,0.8153566039268023
13,0.12008047106091313,0.1197608415276642,0.7884249733569146
13,0.6135373115875244,0.4056936498130491,0.7763918920301458
15,0.8699942831378173,-0.3416942953344727,0.8613847999926261
14,1.2076172825450437,0.20134544347821048,0.8577581477009315
19,1.046739816959839,-0.4481407400701294,0.7258969663453997
9,0.5485115053248291,-0.46209538021722385,0.8732699905267836
15,1.013186812206665,-0.4367867707031555,0.6917245101737728
24,0.8452214597337037,-0.12765204933172603,0.7615366906584269
35,1.2191052438919683,-0.5595438485318605,0.7458127090393852
30,1.1516113278815918,-0.6194915771732177,0.7296358104796941
24,1.0882111791899414,-0.3232220410305786,0.7812733488635037
5,0.9099391698511963,0.21141719785247792,0.8643116155743145
36,1.1672583822994385,0.10351210829650881,0.8189205753993409
33,1.2317379714379884,-0.36945140370184326,0.7746643774607629
14,0.19732284540734857,-0.08586996800405888,0.8426512018562002
32,1.349097490537476,-0.018442869378112903,0.8420266839791055
12,-0.13260829448919687,-0.025483906695800806,0.9089496616437647
3,0.14384615382922417,-0.018269896782714845,0.9122011609602797
18,0.38195633904467785,-0.6741474271689147,0.8616859237660741
13,0.9555602072701417,0.099926352260437,0.8625435863500038
34,0.33430278287554915,-0.2817167637681579,0.9038548811209329
35,1.0579648021363526,-0.47592937988031003,0.7933711706967173
18,0.23008656513024883,-0.7964295150874634,0.8325319538282725
28,0.96535015106604,-0.33185505877001953,0.8389386042504523
21,0.7371449466881104,-0.24488922950517283,0.863492427417951
5,0.638531624916809,0.19417652497302246,0.8432143382865998
21,1.6415361165906983,-0.15530014058020014,0.6622696534062265
27,0.3805313110611568,-0.4826992752509156,0.8813523655099728
20,1.215551018505005,-0.4738293293434144,0.734498709438276
9,1.1033322808289796,-0.2648743394621582,0.8599381411196525
18,1.0574338435823971,-0.9995772241208192,0.7637207408018589
22,0.2905465364677735,-0.3860734701525268,0.6759523517569752
26,0.05338907192480491,-0.8217383024857483,0.8768813056236304
11,0.13768327195959462,-0.4903241398129884,0.8852809492924394
22,0.3134667871434327,-0.5254837278222046,0.8432902517555726
22,0.5712945464713137,0.06008362742681883,0.7514009093670098
14,-0.3320220708409425,-0.22227334996600345,0.8336148256695166
12,0.04130721087585454,-0.6272823808772584,0.8192507652093044
10,0.7217171792491455,0.0439529422469177,0.807818445147922
13,0.19294309660131836,-0.5788917544285279,0.858588635754569
35,0.720687627619629,-0.7592219711368713,0.7546168409402079
18,0.28187024635345437,-0.6491504907748413,0.8293576362408943
3,0.6430305240750729,-0.5102415676109313,0.8856343700592735
23,0.17418170012707512,-0.2677252888405457,0.8160153792036157
31,0.2683748011790772,-0.6833659410573731,0.7798860881398244
16,2.1335171461011964,0.32599067668054205,0.6989762560626598
27,0.9747014942321774,-0.5100892183114929,0.6621647911481365
3,0.8271962408983154,0.0761036873729859,0.8357084275244355
7,0.20325160020458988,-0.3895229096295778,0.8954853850222082
16,0.9637570379293212,-0.23535656977105712,0.7665968940713255
11,0.7276319264334721,0.1233881120445709,0.7761292796642367
11,0.32261431213269054,-0.009186923927520796,0.8328972154508558
12,1.2362666126397706,0.1607416864558715,0.7804633591963557
10,-0.036317109949584925,-0.3302069900739135,0.764157676953257
31,1.372359037626709,0.06720304482684325,0.7795593315865584
15,0.45154237711737033,-0.1968879697545165,0.8345143126337338
16,1.6323466300372313,0.2537608142937622,0.7757756662584567
6,1.4501049521546632,0.18024745615367121,0.8382986889674897
20,0.7420312167215577,-0.033404529084075874,0.8473102600328023
4,-0.6986387970894166,0.29547595990960696,0.8447644803106387
8,0.40099173808264155,0.07505747692498782,0.8440297933661638
25,0.4936559198128663,-0.43208521577572623,0.7381993484151828
10,0.24215733974035647,-0.740202903821106,0.7429790714436186
6,0.22626459637194807,-0.03397399139617918,0.9380331785195564
30,0.4231581689891364,-0.7335038181355591,0.809347417670995
11,0.3235282897562255,-0.3408121760035858,0.8957064513190554
11,1.347567558288208,0.09873959450265496,0.7703100541583126
15,0.4057875872841189,0.029906302758956893,0.8557891672645321
14,0.7931521835479736,-0.48565947978991697,0.6817476886524456
2,0.3298327327401731,0.0055900810168456605,0.9283111467130578
17,1.0962604283654784,0.03528308895880117,0.696059000168552
14,0.8265866638787842,-0.2045442459260558,0.7681658498973045
2,0.5711209772821046,0.1182214018320924,0.8952550546038008
16,0.23495507277233907,-0.9224644303769836,0.8322900221968049
2,-0.5991206170202639,-0.6160326004077759,0.8458326690567382
3,0.6290731434493408,-0.11078029876773077,0.9096301219694692
27,0.31604075396423337,-0.24291300811718763,0.8887491252807678
22,0.3184938433361817,-0.28745824083566274,0.9142365701904329
15,0.1766686435687257,-0.41470342908065794,0.8609534463778281
20,0.47663450242919936,-0.43459141254748546,0.8535771480625097
24,0.30309224099401844,-0.08987414885107414,0.9127337670756608
16,0.9434226752033692,0.14008748532336446,0.7673215863171512
9,0.5745337005473643,0.030604124418029732,0.8798424211074722
124,2.6632081267943115,-0.21310353275347893,0.48311446396743135
29,0.5796082021495359,-0.14517575483685308,0.7359112344386847
24,0.8067184687684326,-0.06430500760382085,0.8033486206855636
9,0.5374604460531616,0.09125190949517825,0.8455453557266761
16,-0.08394432070959468,-0.5667546983566285,0.7571948226074698
12,0.8102148769005735,-0.007868528583923284,0.7395853168675705
12,0.23968714461270146,-0.047633975393432615,0.8548055465988667
11,0.6300558451215821,-0.004302948554290809,0.8835589674457155
5,0.07563114165881313,0.10642909968072511,0.907720981068031
17,0.7714419369492187,-0.13578879859918191,0.8197264233608972
11,0.7373436689968262,-0.19879031198052988,0.8450287624922265
20,0.8056969647565917,-0.6522353891374513,0.8498933068261181
20,0.7839144466036376,-0.09504205032958979,0.8391645252264237
21,1.6891216036500245,-0.314364790427185,0.7532633497508006
13,0.5813946725532226,-0.08117556547779853,0.8993750706615677
6,0.9412012099594727,-0.0010457340468597864,0.896649916652778
15,0.48416435756152354,-0.009474873493164004,0.9213395564274985
18,1.511341572053833,-0.763403176942139,0.8362587998585258
13,0.5324747559936522,0.08829927448565678,0.9210597558096115
8,0.1539690498621824,-0.04938369969790646,0.8881250259791762
18,0.2190682889913329,-0.1091762779962463,0.8632744111137611
19,0.697494744831543,-1.1005643606575928,0.8413083736272636
5,0.6664440633270265,-0.004884004763916039,0.9274553802431188
18,0.4050807955911866,0.13348549604286186,0.8355531459181422
20,0.5346482989515381,-0.2103873489238891,0.7483702959399694
9,0.13739728880737312,0.05731791230212402,0.8152465221927028
15,0.22679948830346675,0.09542697694854729,0.8862684348267501
14,0.8231155869248048,-0.3453599812638245,0.7939784247971208
11,-0.2889142041343993,-0.03486925378118899,0.9260092903554216
6,0.4494452472800292,-0.16504573828802488,0.8692275122075639
7,0.31792044636608896,-0.27946135379441844,0.8469600031047541
7,0.6880028243903809,0.08257552975929261,0.8439442074221891
4,-0.17686748472790526,-0.17590039928372192,0.9503536643230758
22,1.4861881733317872,-0.05490732194531245,0.7764245263859837
11,0.3540732864379885,-0.08114263446568293,0.8818744877966778
24,0.33490347826440425,-0.44244748346914675,0.7756507989891079
18,0.338779628531128,-0.020496875134735082,0.808983313821641
16,1.1712766291801149,-0.06377857918338015,0.7490353838399555
10,0.7596966024854126,-0.19842916682809442,0.8838742990221806
22,1.1360707283077403,-0.16953897480902103,0.8009729007934616
13,0.9169772266831057,0.11218774284600841,0.7565265291708735
19,0.781879663463501,0.03747260575677491,0.8668215964081735
8,0.753654599684082,0.2964962121325988,0.8720608889613692
1,0.0064469572114869145,-0.025325775041442844,0.9477815647249865
13,-0.36036252975183114,-0.6235307451080931,0.896544006681951
7,-0.34335160256896957,-0.31932020155877683,0.87046893626946
12,0.7058370108793945,-0.3522663120523071,0.7562451179337426
9,0.48076653499072286,0.03133368493392941,0.8958462078147482
13,0.3505969042769772,-0.47231209238586436,0.8432200022948405
10,0.6621282105101318,-0.017363547789184586,0.8996708494758826
9,0.9955244069093019,-0.4667559262847597,0.8114174054631403
4,0.3877820963697509,-0.09529554835742204,0.9034918602482604
19,0.25537943803418006,-0.5024367574891968,0.7710696126475467
11,0.5372821091018676,-0.18507266079394535,0.7653520112506411
4,-0.8559985165645752,-1.0132121444145814,0.7604329153067328
9,0.25442153197546413,-0.24151930195811466,0.8246072092280876
24,0.592093229413208,-0.3929054142744446,0.6949480810699216
17,-0.048960209308044345,-0.18946224468792727,0.8696718150458432
24,1.3178151846912842,0.03683459791424559,0.7893841650647501
40,1.2464590067801518,-0.017709552775573734,0.8761963325966335
33,0.030502795715698028,-0.021345704634262108,0.8598035221398737
14,0.9110649825491943,-0.021673679755691566,0.8771008727664442
15,0.6007897857659303,-0.09857732081765747,0.8378963072267982
13,0.13179373747720335,0.010386466731994615,0.8033607042039399
7,0.9771730904649658,-0.08793175222113048,0.830452316207081
13,0.9191024299577641,0.320013046564392,0.929728049324927
11,0.576923846968628,0.49878108536962884,0.8654097551523952
9,1.4556914571190185,0.2026238438064576,0.8928204610939197
16,0.5804268119234008,-0.07614445711965945,0.8847763024297544
27,1.6964888575113526,-0.1586902144335327,0.6336338128263777
3,0.22625643018469244,0.041419267957702566,0.9192557898812843
13,0.6902699472032472,0.08452147210299688,0.8353326244079775
3,-0.041061401517943796,-0.41862547372161885,0.8647252954743256
15,0.3075387476434326,-0.2694499496360474,0.8642998882450262
15,0.7735681532006842,0.08855223621636954,0.809727153543866
14,0.5199074749934081,-0.04649037107913212,0.882052881212041
22,1.2489304538266601,-0.05208575715875241,0.7510470971518477
6,0.13736295710974122,-0.00575303992260745,0.9150398346634843
11,0.06934511669070431,-0.17321968095605467,0.8226166072378918
10,0.3584306239226076,-0.3088495735621948,0.857016994480259
34,1.4760762448179932,-0.14051771131878665,0.7685310278956047
10,0.29161059822332813,-0.2585279945270387,0.8685499798856834
18,1.026314377550415,-0.5451946259281617,0.8177696793342383
8,0.3590915205612184,-0.32684120552830515,0.9071185967883906
23,1.0156171322969971,0.0034079550258026003,0.7972922081570344
17,0.2421739103857421,-0.03379964808174141,0.8649127724719365
23,1.2425248623128662,0.147489547270935,0.7995604581977442
10,0.47676932783105475,-0.12442527759351346,0.824900481893083
20,1.6682568793214112,-0.09421145936248776,0.7755256452357547
7,0.16362452551507567,-0.12260472805181888,0.9231593745119049
24,2.019487232223511,-0.19124597280520628,0.6224876098545183
12,0.6978402140506592,-0.03136765934936525,0.9381674297975817
14,0.8518339988787842,-0.18234246992605585,0.768358917422657
15,0.5287566182803953,0.34517812742364495,0.8922943058429561
13,0.30175560685400393,-0.01817709202331541,0.8231769349374947
5,-0.1452958581851802,-0.603571713207367,0.8787893035973615
22,0.9625048638535159,0.0047688481458130205,0.7875346693308414
22,0.8464121819421386,-0.20074224435919197,0.810603300812786
19,0.8190116884375,-0.49219340092333985,0.7998474038772445
9,0.5773086552073972,-0.4111579658569946,0.8910443538205848
19,0.7834296229432374,-0.2108547683400268,0.7155339685965645
11,0.18304848657861328,-0.0477263929661258,0.9205870027188279
19,1.338869393189697,-0.18074432034950266,0.7942383193229218
12,0.19584131250219716,-0.17013561704943858,0.8687517663903639
17,0.20027208370288108,-1.2753181459996947,0.7552423409135515
4,0.32466363884802263,-0.06326556212249757,0.8823684227684396
9,0.7603414061463623,-0.6141046884836121,0.8027515692499252
13,0.24037599531384268,-0.3964390754761353,0.9022977516622874
43,0.36147379919470213,-0.8677997591666871,0.8250996997778339
10,-0.10278630277648926,-0.23607528198425287,0.8884850930015142
29,1.1198306085601806,-0.7050133948398438,0.7624700362054055
0,-0.25995385684301753,-0.2872229815673828,0.9308323692403049
14,0.3084181543710327,-0.44329103864292907,0.861962802416827
31,1.1024070682678224,-0.5400295254518432,0.6462179736309362
70,2.717236816797974,0.084369063805664,0.4655914761182727
27,1.2733206751383057,-0.5457473101996002,0.6444339569498279
20,0.8415110109827881,-0.31138718146786504,0.7750049189392363
8,-0.2507505419111329,-0.2053730489310912,0.7685672555762765
10,1.1130537986331772,-0.11630773532049554,0.8303030486166867
14,-0.6548125741777344,-0.924632191777893,0.8146689709142404
17,0.6392560005917969,-0.03972363513157662,0.8436598993535132
14,0.9753856662523197,0.1391808988141327,0.8133404357280097
25,1.8817643521671141,-0.04141527366271969,0.773483856220933
13,1.0936596395986329,-0.36962422753468327,0.8063614991634929
17,0.1799957747532961,-0.6411327124765624,0.7992028935718634
9,1.4986450673922118,0.05123448361810312,0.7276568047398753
33,1.085538148519165,-0.9090567827660523,0.7001252856435924
20,1.8009161947122803,0.14948701832257072,0.6949519948945462
22,0.6158549788604737,-1.0802543166052245,0.705341949904319
38,1.314614296392456,-0.5549020175154724,0.8048703355668502
21,0.20866131735961924,-0.4173150061898804,0.8404545497705066
24,1.826088905054932,0.5138533118778689,0.7013499885706693
20,0.6067328453803711,-1.1711390023182984,0.7942633494885293
15,1.5487676855758057,0.2476570608839722,0.7452788943538629
23,2.165840625308716,0.24592256547564695,0.6806605989661176
20,0.30833709286614985,0.158163428590683,0.7921202426071758
27,1.498299688354492,-0.4638362523843689,0.6388218084610328
10,1.1490871909089355,0.11577343969525167,0.841328369012232
8,-0.47596692989050293,-0.08698642263293466,0.9147474845913512
11,0.5430860519645999,-0.09007167851043696,0.8766528263781386
13,0.5205863719051513,-0.031025886969421435,0.8720516579390833
14,0.7029022577617188,-0.4510228636867675,0.756148323746217
16,0.23986721066137706,-0.4187998776015014,0.8468487387048884
17,0.5318343639465946,-0.0490620137116089,0.8419890104016576
20,0.547256231269043,-0.3147811888154908,0.8807655199699296
18,0.6573369501157227,0.10529196235394278,0.7741434605022429
10,0.32180964923907474,-0.0420208570024414,0.9085029492632526
7,0.4167244429604493,-0.024930477153442432,0.8941041513364647
35,1.5696326493356934,-0.03822684301684576,0.8412931982274889
10,-0.07035088574633797,-0.019390702392089842,0.8802587714038683
4,0.24262380558081054,-0.11271405204266349,0.898996330048542
12,0.5356516836756591,-0.03853923085855104,0.8886399270980931
9,0.59276962285437,0.020317256488082913,0.8703710141389004
14,0.7705553772601318,0.21200543673953232,0.8861392368497993
20,0.9867988828332519,-0.4855661395805053,0.8191699412436992
28,0.5073494907037353,-0.23658147481614694,0.8406408625255664
5,1.2068516017490234,0.3118319515790402,0.9423525725510311
22,0.6748502251925048,-0.16271305083056642,0.8673203525490236
7,0.2300808429264526,0.16172632549137878,0.8819930321597125
12,0.4938963054332275,0.008196115344238253,0.7795236494638886
8,1.042051195983948,0.21285223953302002,0.8792181299663389
20,0.2677316663048095,-1.0212876203783263,0.8980096030768916
9,1.3981490132354737,0.19869971267474362,0.8420639330121205
6,0.6570100783265382,-0.08754658671270743,0.8604681297417214
8,0.5394071338436279,-0.5025529263247985,0.7856954817498086
12,0.43974030038049317,-0.4057921170396728,0.8375285077567554
15,2.0788063410507807,0.46965396447375485,0.8024856749079665
28,0.33431029296826154,-0.12330347286764509,0.8952510124419436
8,1.2152749302720947,-0.05697989470001219,0.8107923320747678
22,1.058544635467163,0.12844860556610116,0.8802683846256576
12,0.317920923641724,-0.9783648853225402,0.7947593867084584
9,0.09276390089147935,0.06507813936370854,0.8967410987874631
13,0.1637363435279542,0.4678858518761597,0.8727114872185873
11,0.22050023036743216,-0.02474844414007571,0.8743342018056162
6,0.3853627440873413,-0.03509294977416988,0.925486230314822
15,0.3785984515778811,0.038363755027679414,0.9319104070839519
7,1.0664302106328125,0.0401446822380066,0.8507802298446201
12,0.5875942707490234,-0.33669698224655153,0.9034842028967025
14,0.5773745771538696,0.2750962971719665,0.8581185752021306
6,0.2489144207529297,-0.10345509681465148,0.847828253451723
14,0.11434459733996594,-0.13824701349194335,0.9072735154506908
20,-0.22224617041760286,-0.07356095333966062,0.8884815444699912
11,0.32426071154748515,-0.3231393101328126,0.9132917952490534
9,0.36268448811206033,0.0697588925007937,0.9002287811822421
18,-0.12249779659924309,-0.038105726418945274,0.9104850711572163
17,0.022930622566528225,-0.19561457642413327,0.8946195651656783
7,0.3550634984859009,-0.02343666504089359,0.8465121519597237
20,0.410919844666626,-0.08722317262620549,0.9094273643575661
10,0.6387292150306401,-0.09163084644816588,0.8991734323422628
8,1.0117793682684937,-0.08241213848831941,0.8500312967526803
17,0.4697253708273925,-0.1988916691515198,0.8495738302698823
9,0.5450254676539306,0.036137104119568164,0.913614817263185
19,0.5424127580471192,-0.04244405011364749,0.8577921497794277
10,0.394332409156128,-0.0913404228742829,0.9170809136836581
8,0.08327579467810065,-0.011816769353744483,0.9383589821307741
7,0.26432561858117676,0.12654578710272213,0.8701022675631355
26,0.5461556908929444,0.04474413401470945,0.9170240941399252
4,0.30307889013305656,-0.013232275642494212,0.894191908011716
35,0.7232191564093018,-0.033401071908844004,0.8892104437223918
24,0.7327933312523198,0.5105572346052246,0.8811972116158988
19,0.2897922996888427,-1.0428812499743652,0.8253176619906963
7,1.048767447218994,0.1361006798871765,0.8133675473455807
13,0.9117957358110351,-0.001023948654495288,0.9042517843287843
8,0.5026369096929932,-0.16841769209777824,0.89298849589258
10,0.28010106053710926,-0.020262121922958398,0.8690951003749543
22,0.8921613690552979,-0.09340968680155948,0.9014763759156676
9,1.929365992696411,-0.34636269499054717,0.7650569811367555
9,0.09614396077710019,-0.12726187673455813,0.7971151011856201
9,0.14867150812536623,-0.10908234117498783,0.9190565959107371
25,0.18592786782019033,-0.7976858616838378,0.837774054341658
26,1.5889916417486567,-0.036458491901351975,0.8388965306223081
13,0.6058925391768799,-0.0426258739254608,0.9265474240315248
18,0.2712489362703855,-0.2284246942558804,0.850275674707553
6,0.33573669224438474,-0.0495469569537354,0.8166959556588653
10,0.9415778519813233,-0.21783950919703682,0.7361884432012414
10,0.9415778519813233,-0.21783950919703682,0.7361884432012414
16,1.331340551005371,0.03376090489355499,0.8972204802728205
17,1.5920275453514405,-0.1857123377126464,0.7234282488040685
9,0.39620971710070796,0.04064154667913811,0.8880994230723751
11,0.27494096734948803,0.12755668118621855,0.851955389029196
20,1.0932698245349122,0.20345544821002193,0.8748790179761547
9,0.6154224871823732,-0.43616381290486156,0.815296172720029
17,1.3155502681400142,0.4188803431286011,0.8854193619599919
13,1.2568893433387451,-0.038611412217468555,0.7123412344851565
7,0.09708607176251216,-0.19268560439276128,0.9716496310931417
26,0.533037424312256,-0.6129560470885009,0.7748681949499341
8,0.5868515967384043,0.26244008583209255,0.9339863586949839
16,0.044255733088989224,-1.0045761463517762,0.823097317674504
11,1.0036346915267333,-0.005686283052734442,0.9140956651913038
21,1.959456205377808,-0.012802958564392064,0.7535521840979719
4,0.27682816958593737,-0.01250529280938717,0.9395721584128369
20,1.0196270941900636,-0.03792881953625482,0.7801424170832227
27,1.2733206151383056,-0.5457471911996001,0.6444339569498279
12,0.5320206285734863,-0.4826879502214967,0.8463663534532185
15,1.3401632310336913,-0.12389731403802484,0.8382676808120284
12,0.04830980348559599,-0.20677125498883142,0.8597796685700034
8,0.6478226184293212,-0.009592593040801956,0.7926912788426173
19,-0.24539566055749518,-0.5422029490586548,0.8432130097834849
17,0.7959642412703858,-0.6627794207404634,0.8168957624313717
14,0.7736642358690184,-0.19125044368304445,0.9053998205362006
9,0.7126448159348144,-0.06948149193969722,0.8777884208178373
15,0.3304736613519288,-0.544002890489746,0.8789888706573026
20,0.5819175240001222,-0.828567147006714,0.7831934385105488
0,0.24821662901000985,0.01701271541424565,0.8922357793060078
15,0.2985676529217529,0.18541789051669322,0.9096946528284932
21,0.15502083294885227,-0.5662400721968994,0.8549157692473669
12,0.8677356243364258,-0.2556250094602053,0.7942372439713267
13,0.7553136345146485,0.011387050258667042,0.8290206494984538
27,0.4094827170233155,-0.864777445451294,0.7955978208763351
15,0.009308099882324061,-0.025962769561798105,0.8364047516935473
12,0.8964890243782959,0.13061144985955808,0.7306730724221825
6,0.2696119544884643,-0.0015013065482406829,0.8810778577314762
27,1.2733205261383056,-0.5457470711996002,0.6444339569498279
12,0.46938759057348634,-0.39980340022149663,0.8418155311712289
22,1.793066858868286,-0.32021129104705803,0.8251427742318533
10,0.5366649624656983,0.18435901373468022,0.8529430168327186
27,1.310095309887207,-0.081426501260498,0.7837851683414815
12,-0.33105754901660145,-0.45149064102832037,0.8866976080112859
17,0.387429594538208,0.2872820753264313,0.8265711079195364
9,0.44803428637683096,-0.5465747119071653,0.8103773907569123
10,0.27100443796496587,-0.4822185039699096,0.7558860202995619
17,-0.03655362172851584,-0.7221051450293579,0.8409443268417672
20,1.1051223278885498,-1.0869598983142394,0.7710897381577762
9,0.20299577679528813,-0.7446161504686888,0.8731322859592676
10,0.8715577126414795,-0.33487606018649296,0.7901718957406347
6,0.14118385352697693,-0.32947051547296136,0.8563925976753988
15,1.3277099133552246,-0.4864591359378052,0.8224980326298674
12,0.16638398124804699,-0.40705108605920404,0.8854802603027243
11,1.362617730774048,-0.1493639947544556,0.8577750697493088
4,1.8649261000941162,0.36331558274206466,0.8663640414365084
14,0.5843548777266849,-0.15080177782305904,0.8740808027479321
6,0.029750824298827805,-0.0014050003806762579,0.8434977731290466
2,1.0401913522937007,0.11130702501983647,0.8076183971603965
16,0.7358825211520998,-0.1387102604797974,0.8626700495140582
16,0.23670494553784183,-0.7335134749075318,0.722844054861801
8,0.6311141250521239,-0.7627474070864257,0.7873770232032453
10,-0.007718562852538913,-0.9633446934191285,0.8461716185666848
19,1.0940350293634042,-0.6152939799633179,0.7126718509961706
10,0.6177325849133911,0.039830267788070695,0.8049517951604206
18,0.5930896402194824,-0.3486330812185822,0.7734149963269535
29,1.2803275583221438,0.2130117421368407,0.8251152822723431
15,1.0260133745736084,-0.00512444934124745,0.863582767469847
6,0.20609712631799315,0.0119888784859008,0.8561437622680658
12,0.37344932532019026,-0.2761134501229858,0.8838117439460749
21,0.41090953345178227,-0.4858517645166627,0.8199385199042328
26,0.7119677062635499,-0.31061732754510496,0.8344673187455697
5,0.43354725791394033,-0.18389868765801998,0.86669380799028
9,0.8038129811479493,-0.17449432596060177,0.91130421689377
14,0.3607532977775878,-0.1454458238866272,0.8122682866184998
18,0.26513266535607904,-0.41658639906146244,0.8545159591705365
12,0.3733984228723144,-0.2285320165362244,0.920802990381998
1,0.20227456083496076,-0.18079566938134772,0.8576599912146645
14,0.4676206109385981,0.023917197906005883,0.79795671289965
20,0.15753197629443338,-0.034546106622772244,0.7554909817776623
6,0.9287187461289065,-0.17706686281680295,0.8255985115880805
14,0.22646975494616695,-0.8336886469823761,0.8486530116580042
28,0.765574455701538,-0.6755948661237487,0.7797904807723977
40,0.7392202613224488,-0.25653952348574827,0.8529091677051024
8,0.766715407776245,0.029064893329223684,0.8477314669797771
6,0.40829944624572745,-0.14811795899948121,0.791007950418664
10,0.8726391795618897,-0.0695782307633972,0.8975327262187411
15,0.15690851215942403,-0.11644598858137511,0.8572111529618731
13,0.5665998462647703,-0.07640409443542473,0.8315071997438794
20,1.2627332213166502,-0.1602846381626586,0.8648425646892484
9,0.185981274064575,-0.04949831990875242,0.7493784425944794
19,-0.041617155529051875,-0.4821389615848236,0.8541566292839748
22,0.48847675309374994,-0.9526559117092896,0.7815469700919393
5,0.11081123368127432,-0.2689916494115905,0.9214796675176805
13,0.6745775341871338,-0.18613457723645022,0.8586748213387566
17,0.6546415085878295,-0.2501765493262329,0.7168512585488092
11,0.36377453801834114,-0.07784053726866152,0.8250841540385396
30,1.0581073763406983,-0.5151910188578186,0.6419417136583403
5,0.2782381173803712,0.05306863814801033,0.9094226834162488
23,0.5053300861414796,-0.0784817930795898,0.8667383816996199
17,0.3259600398919067,-0.6882671417140656,0.7718459304013651
25,0.7346055503200688,-0.09669446942950444,0.854773051049361
18,1.1231606010710449,-0.2945812940685424,0.7892264144160404
21,0.6430888171246338,-0.38292014641333005,0.8867327106776443
30,1.1150684358575438,-0.34356701407299806,0.8125248556758586
2,0.5138943198175048,-0.13795906277627568,0.8306622527701437
22,0.45091342966271997,-1.0329609515209657,0.8264273163852038
16,1.624153613986084,-0.4407968522307739,0.8213792733804731
34,0.676952361793091,-0.45138692814703374,0.8240519262383607
10,0.458630800095581,-0.8410830501690063,0.8404234917553925
31,0.4814199205595704,-0.3887385131589356,0.7493480969472208
12,0.6449823375447998,-1.1091788115960235,0.7414853714496829
16,0.866855621005981,-1.841974490779191,0.7588162277842914
9,0.6226633790861817,-0.2721396683529054,0.8927185294424065
13,-0.07509636869799818,-1.5522965785268248,0.8487177895212632
28,1.4094915395003662,-0.7837694582126313,0.6406434712803231
25,0.7833627465179442,-0.22617155329266359,0.8178099740076723
13,0.16465950053393552,-0.015663057575347916,0.8634744254187094
49,0.662161827365845,-0.44833523051058954,0.8212800968411822
18,0.7089002134662475,-0.2568946478787232,0.7430993788252916
31,1.1205535831604003,-0.5478148159315033,0.6463032757006872
20,0.7191150191268311,-0.01665496797576904,0.7805961724948696
24,0.18567371325512694,-1.1210056249183806,0.6882691379104022
22,1.1188665630216679,-0.15744233104827887,0.7801729078343853
21,1.303843617225708,-0.2636321784743041,0.763863509902033
9,0.7399749760479737,-0.11720406973327635,0.8438208849964097
12,0.3896424766849367,-0.17583811280529815,0.7684029506262458
7,0.2777652737465819,-0.16341245163696283,0.8992919464080575
16,1.2620663642313232,-0.29228484592974824,0.8227679856506782
9,0.5553050037703857,-0.07573521136450201,0.8316546254406905
19,0.6102228166748045,-0.1505610943989868,0.8374883396647897
21,0.8248964545463868,0.06846314706408696,0.7712676832649816
12,0.5099112984958496,-0.6499668355470583,0.8460030398901799
6,0.3140954971905523,-0.2687178849899903,0.9244915246708048
20,0.47590637227905264,-1.2424194218115538,0.7741441128749978
16,0.36826801311035195,0.009558915647949195,0.8478519277127664
11,0.9559826851717528,-0.010078906790222497,0.8290958709845386
7,1.0393571853116454,-0.23829519722869863,0.8443207481616629
14,1.9182317256514894,0.08526372889508083,0.8627598183761536
17,-0.14707255412975995,-0.4931460623305053,0.7933060153725132
11,1.1834661955726318,-0.7571091655989379,0.7140190814484104
6,2.495469808938599,0.48314070717804003,0.8228986948672679
14,0.44128984256628423,0.1033181546897125,0.7950329763435129
8,0.4483839873182983,-0.1301419439078827,0.8125153697155375
3,0.28113996978561406,-0.2072460654774475,0.6603570645671026
7,0.24850749959524532,-0.25822263920202637,0.8814124058060692
14,-0.11430478144433609,-0.16722512195532246,0.8559262877530855
8,0.9629101750462647,0.29646491965039057,0.8133278830174353
18,0.8840709920646972,0.42684859041693113,0.7636174902842254
12,-0.3115847107191163,-0.5208929780873413,0.8392153330651768
11,0.5721981530275879,-0.8714404401131743,0.7104837345907931
19,1.3479175571523443,-0.649661063918518,0.731172657370016
11,0.01820039766528314,-0.690668940135498,0.8253943463060764
23,0.11336898840100096,-0.5901579854786378,0.8547145354922532
6,1.2968740465266122,-0.2964900734464111,0.7126549139591992
9,0.8004646298150639,-0.20188748876226814,0.8835112976405435
10,1.3578770157175293,0.5527429577960206,0.8024180820366507
17,0.7228710651046142,0.29325962037426767,0.8295360467574331
8,0.5411922931895752,-0.8676115278095704,0.8969502118218959
22,1.1676297191956788,-0.14698040524804679,0.8034941886917637
6,1.2968740465266122,-0.2964900734464111,0.7126549139591992
15,1.3406462664984131,0.15357851982891835,0.8162574523259527
13,0.502411246447144,-0.6655421553606109,0.7533207736142511
8,1.5333549379210205,0.2789960538267212,0.8423325735506413
10,1.2515569327645264,0.1699656506819992,0.8293666069689276
16,0.508013904303711,-0.11904197926119997,0.750956626614664
27,1.6964887085113525,-0.1586899754335327,0.6336338128263777
17,1.2795243267313232,0.1175340418811035,0.8608518648056774
5,0.22281479837622076,0.0856037140614625,0.935667925674274
16,0.8347469566198731,-0.3380297419398193,0.8103977754931002
18,1.0127799506757809,-0.15084707756335458,0.8111474955556072
13,0.22310328437231464,-0.2091473341917114,0.8486415315425035
44,0.5401561256418459,-0.2575352789133607,0.858150531267724
22,0.7451729778873291,-0.7659083004024964,0.7712953520131479
12,0.9429750447038576,-0.18586182599951173,0.9060548670846564
30,0.9596445562088625,-0.02909970266754147,0.8338811715523591
15,0.8617589476153564,-0.00313317802587898,0.8675222296121309
18,0.4380099771524659,-0.03685277653988639,0.8321485003145712
21,-0.019463539107543948,-1.3252071735047302,0.8255379892038909
11,1.2474763393171386,-0.41754484143609627,0.8228147294508841
4,0.4170093537337647,-0.19254377497602854,0.9101340638275397
15,0.6896315818045651,-0.5973682399248654,0.8151437636698344
29,1.2671823502423096,-0.23974931255249032,0.6881064373832655
14,0.062009096560913246,-1.1283457874839173,0.8609909473489843
4,0.791397809625122,-0.054123699327819796,0.8936402761375639
10,0.977893710276245,-0.2238239650085755,0.8536803300820834
14,0.9345538612065432,-0.5723254683353882,0.8352331079450495
17,1.9000946285914306,0.05269324814727794,0.8570344563905249
35,1.2863097195389406,-0.29736173197161886,0.8398918862881131
13,0.6754660604703369,-0.4287583829231567,0.8178273493082111
15,1.099366664925415,-0.20541393720373535,0.854900419351825
12,0.343060076611328,0.07543244951556391,0.8183948278046977
18,0.5925700962439575,-0.26953855202210997,0.7291117920847953
10,-0.11569762268163997,-0.4442393778502194,0.7757132356033041
9,0.5605614184646002,-0.31437206290142816,0.7736104674127599
19,0.0007712845924072731,-0.2818243507945557,0.8297257080780601
15,0.24045658121069335,-0.8685635327084351,0.8318411545978193
14,0.14349293686853049,-0.8600888850981749,0.7822459475882364
11,0.562283039190552,-0.026202201528442437,0.8356929483130724
10,1.0382609368040772,-0.007183075392211968,0.8581287684313132
21,0.01611685735034163,-0.42399370625708,0.8039652969083296
15,0.6647694113775633,-0.14234423645959482,0.8797468990826859
14,0.6920776368411865,-0.2933523656774901,0.8499362724354955
35,1.4900367258568115,-0.2435679436298217,0.8787723525215445
10,-0.07362639940582283,0.00014138197436519562,0.8761420970478646
31,1.0729413033533937,-0.6323548551917723,0.7711356804812364
8,0.5562026505540771,-0.1507742699046173,0.7662548383039678
6,0.8489704131983642,-0.03504961712966914,0.8176118504765454
13,0.21159195933093278,-0.17877411862432857,0.8952924160113028
7,0.3326076265800171,0.07549828318037408,0.8100624684944678
17,0.5438880923013922,-0.5932912525271454,0.8351130198956118
13,1.4538989064069825,-0.5051482916712036,0.7565042900090688
10,0.5247353310429075,-0.2821620707587891,0.9082364265806268
3,0.3326762319359131,-0.08927625422756957,0.8648981020646546
9,0.6107687945238043,-0.02681332823953242,0.7440666661962659
14,0.7488963601115723,-0.4025765658184204,0.881380246729365
15,0.5326743126761475,0.054104596442047126,0.8498071906215514
11,1.2317938800496826,0.15160623184072874,0.79679705518794
29,0.9548283818852539,-0.3786821366132813,0.7921504430617894
8,1.1373774410562745,0.30524802231781,0.835916620977221
11,0.4841427210671997,0.3241000770376739,0.8605176744116991
29,1.8638667462723388,-0.3189880852788085,0.6221739325308216
4,0.5255502463236694,-0.33090338139183045,0.7746693066833845
17,0.406454145944519,-0.05313202733320621,0.8059350395335133
31,1.121707260423645,-0.15644401285623166,0.7679687453367094
6,-0.27975320848901486,-0.1610591406898192,0.9392219175111785
32,2.3457941416468504,0.24263519068185424,0.7293843423371664
1,-0.5659873489428713,-0.07663404949090569,0.8959043328585735
17,-0.1644515986329349,-0.9132691021477966,0.8143118241022317
6,0.22603774112316888,-0.3463551998219605,0.9419635663578055
14,0.3996944425510254,-0.1957755979381256,0.8408165365321125
1,0.36048674630542,-0.18886744966149904,0.9175036051374825
16,1.9078092570952148,-0.35198456068429573,0.7251470048335849
34,0.17827820732177724,-0.27648621783840943,0.8854272920252015
14,0.9639507535168457,0.24125113367530823,0.7856969148628958
3,0.2247016431643063,-0.22317445237512212,0.9357682064242835
21,2.0798625943659665,-0.326831698081421,0.7358704393035675
6,0.1275165080789793,-0.08558666747186283,0.9286593073198108
16,-0.11499834091784678,-0.5125818253526,0.8806787219769355
11,0.20756828786315928,-0.29846894702771,0.8703060218129921
4,0.0016105170916747014,-0.13645967819487004,0.8697889371046261
29,0.5510287282216801,-0.6141338345892944,0.8884971374128781
10,0.21109223413464395,-0.38880580708468626,0.7968459026668148
14,0.1930060387285768,-0.07861149286584468,0.8770676351445598
26,0.9279651643342895,-0.231971084718689,0.7778433544787529
30,1.0581076147592772,-0.5151910188578186,0.6419417136583403
6,0.9053554538081048,0.2704743147404176,0.9114300557666963
9,0.5170665974492797,-0.08927607489804079,0.8006652452904699
7,0.0016981365651242974,-0.027066468778015107,0.9489414501673301
14,0.15653681794531238,-0.04436826713189701,0.9384777036628773
22,0.491166949107666,-0.12445533246777352,0.8811207000007382
10,0.13843131104309103,0.17398905785815422,0.9244053938862518
25,0.3958530426564941,0.0388033393694458,0.9216082604451661
17,0.49917387961157234,-0.13461637541680915,0.8694852318546906
10,0.03780794167504897,-7.760509820564643e-05,0.9321819678947376
20,-0.1922981741074219,-0.08682674199258422,0.9320459038141365
9,0.5030875206645509,-0.138439416638916,0.9301715943595456
14,0.8098301288787841,-0.14730924392605593,0.7597909399309776
21,0.34492516508776916,-0.24502098567773434,0.9078770659373105
1,-0.07207655899865717,0.0008194448298339818,0.9343516633228961
9,0.26424956316284165,-0.06622403894833373,0.9491791247065606
6,0.1202597613480223,-0.31315124072076417,0.9593549653161987
27,0.13882803922375508,0.004199623788940343,0.912524144395004
25,0.5502636429782717,-0.16388302993844595,0.9254043176035893
13,0.44507038594152837,0.14222139073205564,0.9200570752974828
5,0.3059025403500366,-0.25445476150868235,0.8428698841482606
21,1.127500534427124,-0.24434983775103758,0.7460757822663846
28,1.4165159168395995,-0.4830382463266296,0.6354018966508417
1,0.4037767645305175,0.05357789946472158,0.8949079691038236
13,0.2518665788720704,-0.03557258871151714,0.8730320011264278
18,0.2900922300072022,-0.40547800108477783,0.8521519908920219
13,1.2829078436815184,0.1322013141732178,0.7792415349803458
8,0.9176559448972168,0.3113526103218993,0.9155148003855651
27,0.7509485479190063,-0.05331712976889036,0.7498343846236122
3,0.2363030913884283,0.29050982006549075,0.9396402654321894
10,0.434046983819214,0.05348265163623056,0.8418240319138444
41,0.9058945175024413,-0.06982064203778071,0.8199597420327476
16,0.6716623306248781,-0.0988276003472901,0.8974569695512165
27,0.6378118995133057,0.17767089637261968,0.8424824482380409
8,1.1443686488316651,0.4217664000877075,0.8908383231910494
12,0.060455560360473726,-0.3785685894498596,0.9393305680574507
15,0.3925733568238525,-0.42303723064523324,0.8318895532202054
15,0.456812620383789,-0.48428076472122206,0.7339107010205862
10,0.7619442941638184,-0.23828721086651594,0.8134154558878547
23,-0.00882852104119869,-0.11798763276910407,0.830228208665874
9,1.4968206886540527,-0.31240388723651136,0.7099745606546426
20,0.36141502815789806,-0.3494799132843629,0.8367465077887373
31,1.2839102749604492,0.16294312449127202,0.8249252525382768
24,0.34651577519390875,-0.42983603439331053,0.7785127340786263
15,0.10574340831921392,0.15792953921868902,0.8788863108443523
14,0.540596723529541,0.1115550991099854,0.8365506941528036
19,0.632372975268555,0.15811708602066038,0.8485225313914239
7,0.0032575133466803408,0.055341303361557015,0.8677651512016373
14,0.49693012205090437,-0.15334296241851808,0.859745009351912
4,0.24206066091272005,-0.3115245104028932,0.8517246958383291
13,1.211872577319458,-0.475721716524353,0.8930158673298128
12,0.26383614586047344,-0.3937629465564574,0.8899190460056319
12,0.46822416817297374,0.10063743588677987,0.8805806192985892
12,0.6488952637923582,-0.07198250286788943,0.853222983441752
20,1.5842030045853273,-0.18044340592688002,0.7565593196884743
6,0.601377784821167,0.15610688897192382,0.941921046652995
20,2.1140323881981202,-0.35561466190719604,0.8013162783111931
11,0.23640072387310784,-0.10944229406076045,0.899731940487662
14,0.40881335698089605,-0.37198114434262086,0.8478924278545412
15,1.2790850995472414,0.2696589232063601,0.9094725333097536
6,0.06466162220172111,-0.9622472227707366,0.7583184522183627
16,0.8886861796456298,-0.6460665462403565,0.8982751953560353
6,0.3671236039439698,-0.37628567206158436,0.9320342828954917
14,0.32392179974633795,-0.1940250391825562,0.9179199210155048
17,-0.07753372158337424,-0.27996110934271234,0.88976636234208
12,0.3568310738218994,-0.33123826985699467,0.7420373741379814
16,0.33245539664770507,-0.5246987340405884,0.7661573773492026
19,0.6055808069104003,-0.6153846384403381,0.8259549552586418
35,1.962622642501953,-0.40531259778485107,0.7966416953959166
12,0.16489279220971675,-0.03368848538247682,0.909098265772647
15,0.5863244536057128,-0.9586392041029967,0.8572978355501747
9,0.26263713837976077,-0.5295119288160399,0.9022001949363437
15,0.5592739583532715,-0.31629204730011007,0.8571428340167595
10,1.7292984720194091,-0.5667342541913147,0.649402185788937
21,0.3925206656403808,-0.02834016066011047,0.8781883067883849
15,-0.042811810585357546,-0.0696676823997574,0.8912573112412356
15,0.8226048950593263,-0.3715642693455199,0.8195149906225387
16,0.049319744021850465,-0.151091933378662,0.874285789740072
15,2.1109986301721193,0.4709581133957519,0.7337348431753294
17,0.7130141260156251,0.17127132414031987,0.7835169036189309
10,0.9437637328631592,-0.5656245945090943,0.708409346078991
15,0.8689620498247068,0.1186978814771118,0.8492206823211653
14,1.270148515485229,-0.18615686880438242,0.8283827111459084
23,-0.6864075661024169,-0.19744417060307307,0.8474169535846656
17,-0.14784598392797887,-0.4831941719004822,0.8005057547535934
10,0.0322425365078125,-0.32501545535200504,0.9021117221346047
28,1.9179292913365478,-0.19036781793475344,0.7894181778940863
9,0.771975994206421,-0.552376627671997,0.8579699712642207
14,0.849039554720703,-0.7365450264894715,0.8081058918232646
22,0.9435190561478272,-0.1579092147091522,0.8707665283994523
17,0.8243975638402099,0.09088361300045777,0.7769857596917951
12,-0.39102077459753426,-0.19963440316990666,0.9015028418621773
26,0.15388345704577633,-0.8336373568270263,0.8008477373979478
8,1.1150919201151124,-0.11122751205461123,0.8977250580830881
19,1.1770534516801758,-0.4670028685974732,0.8218018957142617
11,0.35545253774383545,-0.01188325898200232,0.8386239084701664
31,1.1205535831604003,-0.5478148159315033,0.6463032757006872
14,-0.05251550714343267,-0.2537000178914184,0.9077132733949659
17,0.04633355160546859,-0.8201650972785339,0.8033956439971758
6,0.5721009969262696,0.08018547300286871,0.8208499202215663
12,0.22127819094616719,-0.25666600455496225,0.8860414550368236
13,-0.11641836137121597,-0.7770422697366943,0.8272907471269305
2,0.034899353988830484,-0.09783720950445551,0.912173903627165
6,0.08521950200878914,-0.04269003861895759,0.9180272802797156
16,0.02465820348095704,-0.2804751100760346,0.8911561523374081
8,0.20547497294177242,0.011367946550216668,0.8927692079349385
15,0.6104505059898682,-0.19308280977337644,0.8199211785175353
15,0.05575776100402852,0.13866233875067135,0.8431095678975125
7,0.2855679990221558,0.20419263829870604,0.8595941194983037
3,-0.014588594866760562,0.17991667960333235,0.9412809938874669
31,0.9897363188251962,0.21653747533660894,0.8268214991380406
29,0.5906057359661867,-0.050123453050903155,0.7794163900175615
13,0.988950490474976,-0.28639799377865605,0.8588291439513924
16,0.6319881676186523,-0.3171734808078005,0.827193692542887
26,1.5667771105393062,-0.024179339380066,0.731207514163569
18,-0.1265504356462399,-0.5066049097965699,0.7852910611612784
16,-0.39059638947985853,-0.3632719518625489,0.8815020577278189
9,0.615568518961304,0.062364161284515385,0.8766572600591731
27,0.9747020600693359,-0.5100893979161376,0.6621647911481365
12,0.7465744014017335,0.08159047384423834,0.8871582289234217
7,0.6458847525428473,0.005539536760375885,0.8104106878726066
8,0.14416503874658204,-0.2266901726618653,0.8828394249242277
25,0.09168982485510258,-0.6731218101964112,0.876543427318561
9,0.19755697224011248,0.18408238925653087,0.9324532768089323
3,0.5374453070469971,0.007661044111419546,0.8901562391358229
6,0.47985553731311015,-0.05639708015100098,0.8737960562353607
12,0.7070341112994385,0.12327012370495599,0.8211741632539251
4,0.139561653169189,-0.008670806520385543,0.963756675777814
31,1.4879428143907472,0.3192172047874755,0.8576761112531108
7,0.04427742919793709,0.113981127888794,0.900720078250529
4,0.3070012328669438,0.22743928431005855,0.8924748942719434
8,-0.18792486186303714,-0.04834902325201407,0.9392846500214368
14,0.6438919309398199,-0.7915239335753783,0.721906862768879
7,0.25771296018383794,-0.09849762873242218,0.8855986543650162
9,-0.17023682588793965,-0.32331717017663564,0.8570299500680252
8,0.8031592369399414,-0.4249556365764313,0.8930816288570612
17,1.1506946090474854,-0.2546555999964294,0.8458097144602332
17,1.164999246972656,0.46342784210455323,0.8091166749002339
12,1.0357520584736326,-0.6633214054659577,0.8417200834612493
13,0.2064828871175537,-0.0610609050331421,0.9086021513814649
12,0.5250099892401123,-0.45224741132942203,0.8599861782009115
9,0.15846502746829227,0.11888077813758852,0.828800918657194
16,2.1335171461011964,0.32599067668054205,0.6989762560626598
10,0.7273830175100708,-0.19794654833599856,0.8731041593923463
10,0.46555399886468507,-0.2659054992003784,0.909060276794545
10,0.29025507012561036,-0.22399663897747812,0.834362156968634
7,1.1939344406944579,0.3577684167228401,0.9325143208471397
16,0.3358006476693114,-0.6780515310674744,0.8542899763725021
13,0.44318294535998515,-0.10240423681695554,0.9137871146483547
9,-0.059693813189819256,-0.5308698416921998,0.9197384470169814
14,0.4549703602911377,-0.6291188601487121,0.8299195421101317
5,0.08916234923205613,0.06237399545434563,0.9047786199114842
7,1.0235364439233399,-0.3301531071654664,0.8122733134790261
11,0.8415873046531983,0.010863065982116726,0.8251953552765781
14,0.9791367053895264,-0.118580460302246,0.8338384554430004
30,0.8415114881124268,-0.687578201451355,0.7604420661453959
11,1.0079919100916748,-0.21277499207897943,0.7732263061567635
9,0.7212687729039307,-0.04556834698059087,0.8423220321349288
11,0.2137765886010743,-0.40361276303038035,0.7603800976494142
14,1.5417026285452882,-0.20649576214935306,0.839705831854678
14,0.5779221056047363,-0.2265567779371338,0.8639192276226353
13,0.5310950279996338,-0.32147049915771486,0.8794743507504779
27,1.2733205261383056,-0.5457470711996002,0.6444339569498279
10,1.17348122586499,0.14763867890814208,0.8766916756021217
10,1.1235747333321533,-0.34768915127630606,0.7954763821846009
13,0.6088848116693115,-0.18071001746530146,0.9115819920884638
14,0.6021491293242187,-0.1382260318482056,0.906277930175243
14,0.8818900589943848,-0.03695297264410402,0.8432649853047722
20,0.6545802354475099,0.535189152239441,0.8182068949285923
6,1.0484735962070313,0.09483730748419195,0.8767861682067782
18,1.1364519591099853,0.285870551946106,0.8617162068401845
22,0.41734647756396503,-0.05374288608160405,0.8868918322371616
23,0.978499352477417,0.4660176037785645,0.7688437904872362
7,0.6789796347593995,-0.01652741396313484,0.9336025987484557
13,-0.04861545608667006,0.06651759180426042,0.8458788654581822
8,0.1475803854509281,-0.2862974407676391,0.8948929860839546
24,0.35136413568908686,-0.15005481267059317,0.8575696742236221
5,-0.2425634857329102,-0.5888378615317382,0.9383767216059078
11,0.4199780229981689,-0.37984150662036137,0.8916825838169686
5,0.20973205581408694,-0.14630812407015992,0.9088342353852874
14,0.12081599262109366,-0.35721445096386717,0.8688988679786198
13,0.5035257340128174,-0.030423283998397832,0.9007066106927675
8,0.010083436815185198,-0.1667131486161652,0.9065150699308521
9,0.4486772420456543,-0.046891629743988084,0.8820854396702675
28,1.4165159168395995,-0.4830382463266296,0.6354018966508417
5,0.04039722679293822,0.12173014889495848,0.9280429149140952
23,0.46574234927294933,-0.41025519371270747,0.8616549769035534
13,0.9421267507449951,0.2723336215930785,0.8719317204725443
14,1.1464958186363525,-0.13449466209625238,0.867899886140332
7,-0.18052077317944315,-0.540313363553772,0.8515177356450278
15,0.7196283339772949,-0.46382057632110585,0.8431024858237302
2,0.1429767610512691,-0.1916141514203491,0.8896962665411509
13,1.3249565360709228,-0.38689172246191417,0.722360652244447
6,0.4356343748210447,-0.035279632085754464,0.780145123112427
8,0.5889896751187744,-0.36821997159753417,0.8767653501230633
8,0.7165915370958252,0.08367991429412847,0.8720222200725003
5,1.7766227726292725,0.20049035574072294,0.8466627879187296
9,0.16784238844799804,-0.9645098750136261,0.8592025709462064
18,0.7283377645268554,0.04524326361645503,0.8376325960475859
7,0.8062894346081544,-0.19521543374208072,0.8270785074788809
1,1.2697709802821044,-0.0943111777380371,0.8639726644509487
9,-0.08688855143469176,-0.3246114255681154,0.9179028705766674
19,1.5123224258894044,-0.5796053408728028,0.7439592658828147
4,0.26506113967321776,0.006706521163238499,0.8543651672947725
33,1.1067033710632324,-0.5420057472516937,0.6343852753132289
8,0.6186788679503173,-0.03556031005441285,0.8600595892781318
19,1.3071205615845947,0.05485141235052482,0.7089164152836491
15,1.2821152211390379,-0.23776304766863987,0.8591534262989162
11,1.1162328715667726,0.8819693330469971,0.8640417739445894
19,1.5666660070318603,0.24945664442462157,0.8000833636030666
4,0.7443523409031982,-0.23326468499945086,0.8935697490588608
17,1.6111114026783446,0.011911988697814957,0.6729117367131544
12,1.923289299261841,-0.817333817300476,0.7141001599336235
24,1.5652509930933838,0.10991680583905028,0.8297560979807699
10,1.0538513662542726,0.1631823183492126,0.821817060943018
16,0.21917986822326663,-0.34403455208990463,0.77828432809278
18,0.929210185525879,-0.18314075506750493,0.8944189928639159
9,0.8435485362613526,-0.21138763419561746,0.8846726871717676
7,0.34192729036291514,-0.29360485084124766,0.8883166835516914
15,0.5884113309278565,-0.254009484855652,0.7792276954635617
7,0.8408801553811034,-0.062286615508605925,0.8838854363397644
11,0.5768096448105471,0.19949349759863283,0.797931687698439
13,0.3882902861007691,-0.564165591980835,0.7887397282261887
37,0.5748538974068604,-0.7452642915581055,0.8357838259390802
15,0.7805409435789796,-0.1670359377564088,0.8381212407318699
5,0.5517828462457275,-0.2732941509994812,0.779684266459178
29,-0.3419861791832277,-0.920363545264343,0.8355935437035608
7,0.5382461544125978,-0.2836372849468993,0.8323065967786735
9,1.0467240811531981,-0.3845174904684754,0.7937935972441088
22,0.26397252036987284,-0.4323424096907349,0.911922694194579
12,0.3494323495797118,-0.19670623562677003,0.8725440681605837
11,1.0510435099451905,-0.18952488939031986,0.921573566069238
11,0.4293625353719479,-0.28885376471551516,0.8853286386178794
26,0.3982959990600585,-0.6227333541957398,0.9055102687617154
12,0.3577740195499268,-0.7327524425914307,0.8363208311470481
24,0.3465514182570799,-0.23457229174212646,0.894402096821099
18,0.461747169011963,-0.3709173198035278,0.8566371719400739
15,0.906343221793457,-0.442829966625244,0.728198052626223
6,0.502819478116211,-0.2092750669402771,0.9182743990037927
8,0.17038965272387685,-0.3380564450384521,0.8761998652000661
4,0.2582713361205444,-0.3513993021331787,0.9277725444132815
23,2.249871492170044,0.24269199324737567,0.7635056807380985
15,0.8683917522332765,0.1771875621038208,0.791143142958074
15,0.3683323865013428,-0.4307761190778199,0.7602799884845279
11,0.36012244248937986,-0.3271321061554564,0.7828674766429919
16,1.8373478653112802,0.05732655515631113,0.7201581019176474
13,0.37306761786389164,-0.2760621610183258,0.794970191282804
19,-0.25072217011596676,-0.7030994297535097,0.8442000393422621
18,0.4637944703167727,-0.5928989056961365,0.8746101409865921
9,0.44511485086633296,-0.11632692835412595,0.9490397754874967
9,0.6797109842542726,-0.18684279916802982,0.8736170571270361
19,0.2331748011899415,-0.032202422581329326,0.9076006274203624
19,0.5562788250918579,-0.02421390966345216,0.7828945377844196
17,1.1025276181743164,-0.04426872774621582,0.9264279915353644
18,-0.070199012393799,0.30224661493225097,0.8797862867198614
-2,0.23974299407409672,-0.3879843950437927,0.9030170334709839
5,0.37535882015649413,-0.3042278290164795,0.8648692358541814
14,1.4334906336602784,0.009663582040710494,0.8230858675153099
14,0.585887312437622,-0.10669565225946043,0.8797482297397968
10,0.43028426150622545,0.010143935824951211,0.9101227869929436
10,0.36790323234777844,-0.8750925067120972,0.8811120367522096
22,0.9219710826359864,0.09072303786889646,0.8313315741898519
44,1.3617447614224854,-0.3801449540871582,0.8127977300926501
16,0.6352123020196534,-0.23297107230035397,0.8779831794764981
30,1.5294500589731446,-0.8614416716804505,0.6870845269710745
9,0.5442957878447265,0.017377733996337907,0.9371668286292648
19,1.1497137543121339,0.00829613197363277,0.8718924022032803
22,0.5493443012780763,-0.25100135850286875,0.916826041854162
2,0.0438084607136231,-0.5878486631698607,0.9138188846102319
7,0.20721757456201195,0.008626103423400977,0.8914845022010236
20,1.1415805816977538,0.28976154307574453,0.8520678054070516
9,0.60179710413562,-0.30493557461920173,0.8720464163174009
19,0.32948184032897965,-0.031981467908386296,0.8507624831339862
18,0.30897426573779296,-0.15340012270849612,0.8836637940852905
9,1.1514115927297364,0.11644065407141113,0.7888613182302868
20,0.7072975636018062,0.36037087455450445,0.8922861545289233
24,0.3482980727651368,-0.10284531066571034,0.8848955806469965
14,1.0489087105841066,-0.021219015254150486,0.8637388412857361
17,1.667865514714966,0.03023409843829361,0.8482297087004553
8,0.2020361422175292,-0.32708495844003305,0.9061954131016974
4,0.47409397343579096,-0.04909604753530883,0.8813126667417813
16,0.565794826003418,-0.1467388272412109,0.9260528474010778
18,1.2530899052106934,-0.5769697424220581,0.7882798747747588
19,1.0859732625179443,0.39926838863824465,0.8469035688495051
9,0.42668199564489706,0.13161092958012388,0.9409086691837476
7,0.476969480431519,0.2495019440213624,0.9302481315873785
25,1.161235808900269,-0.449906587164856,0.860048388364131
24,1.0192461011280523,0.16902315571118165,0.9199353906846691
23,0.7371066813330078,-0.5772925020487365,0.7352194182330438
11,1.0488367078043215,0.38766145671124286,0.9090072884836021
31,0.32084250406384296,-0.6480939983593446,0.8271078525539393
6,0.5863518712857665,0.12189996246087642,0.9537286370565276
21,-0.10359597163122558,-0.19547277673483276,0.8990503138703418
4,0.38891351228759774,-0.05943864629214479,0.9188378049645909
33,1.4016217889938354,-0.5487337109376831,0.6360936735508245
